Complex Name,Block Name,Flat No,Customer Name,Phone,Email,Parking Slot,License Plate,Vehicle Type,Make,Model,Color,Plan Name,Custom Price,Interior Frequency,Assigned Worker
Brigade Apartments,Block A,1594,Ajay Rao,9.198E+11,user1@example.com,Bl-1594,KA-36-AB-8304,hatchback,Hyundai,i20,White,Daily Wash,,4,Shanmugha P
Brigade Apartments,Block A,1155,Naveen Kumar,9.198E+11,user2@example.com,Bl-1155,KA-38-AB-7000,suv,Tata,Nexon,Silver,Alternate Day,,4,Shanmugha P
Brigade Apartments,Block A,1110,Divya Gupta,9.198E+11,user3@example.com,Bl-1110,KA-57-AB-5505,car,Maruti,Swift,Black,Daily Wash,,2,Perumal S
Brigade Apartments,Block A,238,Meera Patel,9.198E+11,user4@example.com,Bl-238,KA-76-AB-5736,sedan,Tata,Nexon,Blue,Weekly Wash,,2,Shanmugha P
Brigade Apartments,Block C,475,Harish Reddy,9.198E+11,user5@example.com,Bl-475,KA-34-AB-6395,sedan,Tata,Nexon,Red,Alternate Day,,1,Shanmugha P
Brigade Apartments,Block B,552,Ajay Das,9.198E+11,user6@example.com,Bl-552,KA-89-AB-7192,hatchback,Mahindra,XUV700,Blue,Weekly Wash,,1,Shanmugha P
Brigade Apartments,Block B,1396,Sneha Singh,9.198E+11,user7@example.com,Bl-1396,KA-01-AB-2055,car,Mahindra,XUV700,Blue,Weekly Wash,,4,Shanmugha P
Brigade Apartments,Block A,469,Deepak Iyer,9.198E+11,user8@example.com,Bl-469,KA-40-AB-4152,car,Honda,City,Red,Alternate Day,,4,Shanmugha P
Brigade Apartments,Block A,629,Manoj Singh,9.198E+11,user9@example.com,Bl-629,KA-72-AB-5051,sedan,Mahindra,Scorpio,Blue,Weekly Wash,,2,Perumal S
Brigade Apartments,Block B,1750,Kiran Nair,9.198E+11,user10@example.com,Bl-1750,KA-28-AB-4638,sedan,Maruti,Baleno,Grey,Daily Wash,,2,Shanmugha P
Brigade Apartments,Block B,877,Priya Reddy,9.198E+11,user11@example.com,Bl-877,KA-84-AB-1456,sedan,Maruti,Swift,Red,Weekly Wash,,4,Shanmugha P
Brigade Apartments,Block B,1097,Ajay Das,9.198E+11,user12@example.com,Bl-1097,KA-43-AB-9964,car,Maruti,Baleno,Blue,Daily Wash,1199,4,Perumal S
Brigade Apartments,Block A,1449,Ajay Nair,9.198E+11,user13@example.com,Bl-1449,KA-43-AB-9815,sedan,Tata,Punch,Blue,Daily Wash,999,1,Shanmugha P
Brigade Apartments,Block D,253,Ravi Gupta,9.198E+11,user14@example.com,Bl-253,KA-37-AB-7482,car,Tata,Nexon,Blue,Alternate Day,,4,Perumal S
Brigade Apartments,Block C,1346,Harish Rao,9.198E+11,user15@example.com,Bl-1346,KA-18-AB-5566,car,Honda,City,Silver,Weekly Wash,,1,Shanmugha P
Brigade Apartments,Block D,1479,Kiran Reddy,9.198E+11,user16@example.com,Bl-1479,KA-62-AB-9269,suv,Honda,City,Red,Alternate Day,,4,Shanmugha P
Brigade Apartments,Block C,137,Harish Nair,9.198E+11,user17@example.com,Bl-137,KA-84-AB-3736,car,Hyundai,Creta,White,Daily Wash,1199,2,Shanmugha P
Brigade Apartments,Block B,1812,Vijay Das,9.198E+11,user18@example.com,Bl-1812,KA-15-AB-3252,suv,Tata,Nexon,Silver,Daily Wash,899,1,Perumal S
Brigade Apartments,Block C,445,Vijay Nair,9.198E+11,user19@example.com,Bl-445,KA-64-AB-1071,sedan,Hyundai,Creta,Blue,Weekly Wash,,1,Shanmugha P
Brigade Apartments,Block B,1547,Rahul Kumar,9.198E+11,user20@example.com,Bl-1547,KA-07-AB-9523,suv,Tata,Punch,Silver,Daily Wash,1199,4,Shanmugha P
Brigade Apartments,Block D,118,Ajay Patel,9.198E+11,user21@example.com,Bl-118,KA-76-AB-3632,sedan,Mahindra,Scorpio,White,Daily Wash,,1,Shanmugha P
Brigade Apartments,Block C,586,Sneha Iyer,9.198E+11,user22@example.com,Bl-586,KA-44-AB-9673,suv,Honda,Amaze,Red,Daily Wash,,4,Shanmugha P
Brigade Apartments,Block B,464,Lakshmi Singh,9.198E+11,user23@example.com,Bl-464,KA-95-AB-8170,car,Mahindra,Scorpio,White,Daily Wash,899,1,Shanmugha P
Brigade Apartments,Block C,768,Divya Das,9.198E+11,user24@example.com,Bl-768,KA-31-AB-3062,suv,Honda,Amaze,Blue,Daily Wash,1199,2,Shanmugha P
Brigade Apartments,Block B,714,Deepak Iyer,9.198E+11,user25@example.com,Bl-714,KA-59-AB-1121,hatchback,Mahindra,XUV700,Blue,Daily Wash,,2,Perumal S
Brigade Apartments,Block A,167,Divya Das,9.198E+11,user26@example.com,Bl-167,KA-98-AB-7994,hatchback,Mahindra,Scorpio,White,Daily Wash,,1,Perumal S
Brigade Apartments,Block C,406,Divya Sharma,9.198E+11,user27@example.com,Bl-406,KA-89-AB-9508,hatchback,Maruti,Swift,Black,Daily Wash,,4,Perumal S
Brigade Apartments,Block D,1213,Harish Kumar,9.198E+11,user28@example.com,Bl-1213,KA-14-AB-8443,suv,Honda,City,Red,Daily Wash,899,2,Shanmugha P
Brigade Apartments,Block A,1541,Rahul Sharma,9.198E+11,user29@example.com,Bl-1541,KA-83-AB-3619,sedan,Maruti,Baleno,White,Alternate Day,,2,Shanmugha P
Brigade Apartments,Block A,982,Rahul Gupta,9.198E+11,user30@example.com,Bl-982,KA-49-AB-7350,sedan,Maruti,Swift,Silver,Daily Wash,1499,2,Perumal S
Brigade Apartments,Block C,1775,Kiran Kumar,9.198E+11,user31@example.com,Bl-1775,KA-33-AB-2839,suv,Honda,Amaze,Red,Daily Wash,1499,2,Perumal S
Brigade Apartments,Block D,1324,Pooja Singh,9.198E+11,user32@example.com,Bl-1324,KA-50-AB-4766,hatchback,Maruti,Baleno,Silver,Daily Wash,,1,Perumal S
Brigade Apartments,Block B,1132,Priya Rao,9.198E+11,user33@example.com,Bl-1132,KA-97-AB-5323,sedan,Hyundai,Creta,Silver,Daily Wash,999,2,Shanmugha P
Brigade Apartments,Block C,1891,Pooja Patel,9.198E+11,user34@example.com,Bl-1891,KA-28-AB-2220,hatchback,Tata,Punch,Silver,Daily Wash,999,2,Shanmugha P
Brigade Apartments,Block C,1314,Sneha Singh,9.198E+11,user35@example.com,Bl-1314,KA-55-AB-4259,car,Mahindra,XUV700,Blue,Weekly Wash,,4,Shanmugha P
Brigade Apartments,Block A,924,Harish Reddy,9.198E+11,user36@example.com,Bl-924,KA-33-AB-7807,sedan,Maruti,Swift,Grey,Daily Wash,,2,Perumal S
Brigade Apartments,Block B,799,Arun Iyer,9.198E+11,user37@example.com,Bl-799,KA-88-AB-5550,sedan,Tata,Nexon,Silver,Daily Wash,1499,1,Perumal S
Brigade Apartments,Block D,839,Divya Patel,9.198E+11,user38@example.com,Bl-839,KA-39-AB-7144,car,Honda,Amaze,Black,Weekly Wash,,2,Shanmugha P
Brigade Apartments,Block A,1950,Naveen Rao,9.198E+11,user39@example.com,Bl-1950,KA-12-AB-7915,sedan,Maruti,Swift,White,Daily Wash,,1,Shanmugha P
Brigade Apartments,Block A,1501,Rahul Kumar,9.198E+11,user40@example.com,Bl-1501,KA-97-AB-4141,sedan,Tata,Punch,Red,Daily Wash,,4,Shanmugha P
Brigade Apartments,Block D,1480,Sneha Rao,9.198E+11,user41@example.com,Bl-1480,KA-59-AB-1714,sedan,Hyundai,Creta,Grey,Daily Wash,,1,Shanmugha P
Brigade Apartments,Block B,704,Kavya Singh,9.198E+11,user42@example.com,Bl-704,KA-27-AB-4409,sedan,Mahindra,XUV700,Black,Alternate Day,,4,Perumal S
Brigade Apartments,Block D,859,Lakshmi Rao,9.198E+11,user43@example.com,Bl-859,KA-22-AB-9912,suv,Hyundai,Creta,Grey,Weekly Wash,,1,Perumal S
Brigade Apartments,Block D,1911,Manoj Singh,9.198E+11,user44@example.com,Bl-1911,KA-94-AB-3182,sedan,Hyundai,i20,Silver,Daily Wash,1499,4,Perumal S
Brigade Apartments,Block B,167,Rahul Rao,9.198E+11,user45@example.com,Bl-167,KA-05-AB-5046,sedan,Mahindra,XUV700,Black,Daily Wash,,1,Perumal S
Brigade Apartments,Block D,311,Ravi Kumar,9.198E+11,user46@example.com,Bl-311,KA-18-AB-8819,suv,Tata,Punch,Silver,Weekly Wash,,4,Perumal S
Brigade Apartments,Block D,1587,Kiran Patel,9.198E+11,user47@example.com,Bl-1587,KA-49-AB-2855,hatchback,Honda,Amaze,Blue,Daily Wash,999,4,Shanmugha P
Brigade Apartments,Block B,519,Harish Patel,9.198E+11,user48@example.com,Bl-519,KA-57-AB-8926,car,Maruti,Baleno,White,Daily Wash,1499,1,Perumal S
Brigade Apartments,Block C,1476,Manoj Reddy,9.198E+11,user49@example.com,Bl-1476,KA-37-AB-5494,hatchback,Tata,Nexon,Grey,Alternate Day,,1,Shanmugha P
Brigade Apartments,Block C,1341,Naveen Iyer,9.198E+11,user50@example.com,Bl-1341,KA-67-AB-8640,car,Mahindra,XUV700,Red,Alternate Day,,4,Perumal S
Brigade Apartments,Block C,1720,Kavya Rao,9.198E+11,user51@example.com,Bl-1720,KA-82-AB-6020,suv,Tata,Punch,White,Daily Wash,899,4,Shanmugha P
Brigade Apartments,Block C,516,Arun Nair,9.198E+11,user52@example.com,Bl-516,KA-26-AB-1743,suv,Tata,Punch,Silver,Daily Wash,1199,1,Shanmugha P
Brigade Apartments,Block A,1300,Divya Reddy,9.198E+11,user53@example.com,Bl-1300,KA-15-AB-8322,suv,Hyundai,i20,Silver,Weekly Wash,,1,Shanmugha P
Brigade Apartments,Block A,645,Ajay Kumar,9.198E+11,user54@example.com,Bl-645,KA-73-AB-8489,suv,Honda,Amaze,Silver,Daily Wash,899,1,Perumal S
Brigade Apartments,Block D,1975,Pooja Patel,9.198E+11,user55@example.com,Bl-1975,KA-91-AB-8860,sedan,Tata,Punch,Blue,Daily Wash,,4,Perumal S
Brigade Apartments,Block B,358,Divya Iyer,9.198E+11,user56@example.com,Bl-358,KA-53-AB-4602,hatchback,Tata,Nexon,Grey,Daily Wash,,1,Shanmugha P
Brigade Apartments,Block A,636,Ajay Gupta,9.198E+11,user57@example.com,Bl-636,KA-24-AB-2921,hatchback,Hyundai,Creta,Black,Daily Wash,1199,1,Perumal S
Brigade Apartments,Block B,1639,Pooja Nair,9.198E+11,user58@example.com,Bl-1639,KA-18-AB-9459,suv,Maruti,Swift,Red,Alternate Day,,4,Shanmugha P
Brigade Apartments,Block D,684,Pooja Singh,9.198E+11,user59@example.com,Bl-684,KA-63-AB-5225,sedan,Honda,Amaze,Silver,Alternate Day,,1,Shanmugha P
Brigade Apartments,Block C,394,Naveen Sharma,9.198E+11,user60@example.com,Bl-394,KA-80-AB-7076,car,Honda,Amaze,Silver,Daily Wash,,2,Shanmugha P
Brigade Apartments,Block C,246,Divya Singh,9.198E+11,user61@example.com,Bl-246,KA-23-AB-8772,sedan,Hyundai,Creta,Blue,Alternate Day,,4,Perumal S
Brigade Apartments,Block C,677,Kiran Reddy,9.198E+11,user62@example.com,Bl-677,KA-98-AB-6514,hatchback,Hyundai,i20,Black,Daily Wash,999,1,Shanmugha P
Brigade Apartments,Block B,452,Lakshmi Iyer,9.198E+11,user63@example.com,Bl-452,KA-21-AB-8241,suv,Hyundai,Creta,Black,Weekly Wash,,4,Perumal S
Brigade Apartments,Block C,135,Neha Nair,9.198E+11,user64@example.com,Bl-135,KA-01-AB-3821,sedan,Maruti,Swift,Silver,Daily Wash,,4,Shanmugha P
Brigade Apartments,Block D,1708,Harish Singh,9.198E+11,user65@example.com,Bl-1708,KA-19-AB-8138,sedan,Maruti,Swift,White,Weekly Wash,,1,Perumal S
Brigade Apartments,Block D,1916,Vijay Kumar,9.198E+11,user66@example.com,Bl-1916,KA-80-AB-7467,car,Mahindra,Scorpio,White,Daily Wash,1199,2,Shanmugha P
Brigade Apartments,Block B,200,Anita Sharma,9.198E+11,user67@example.com,Bl-200,KA-32-AB-2127,suv,Mahindra,XUV700,White,Daily Wash,1499,1,Shanmugha P
Brigade Apartments,Block C,577,Manoj Patel,9.198E+11,user68@example.com,Bl-577,KA-34-AB-1393,sedan,Maruti,Baleno,Red,Daily Wash,1499,2,Perumal S
Brigade Apartments,Block B,1423,Priya Rao,9.198E+11,user69@example.com,Bl-1423,KA-23-AB-4303,car,Mahindra,Scorpio,White,Daily Wash,1199,1,Perumal S
Brigade Apartments,Block A,1252,Deepak Das,9.198E+11,user70@example.com,Bl-1252,KA-62-AB-1019,hatchback,Hyundai,Creta,Grey,Daily Wash,1499,4,Shanmugha P
Brigade Apartments,Block B,1048,Neha Iyer,9.198E+11,user71@example.com,Bl-1048,KA-40-AB-9089,suv,Honda,City,Blue,Daily Wash,,4,Perumal S
Brigade Apartments,Block C,1920,Deepak Nair,9.198E+11,user72@example.com,Bl-1920,KA-84-AB-4989,hatchback,Mahindra,XUV700,Blue,Daily Wash,1499,1,Shanmugha P
Brigade Apartments,Block B,594,Meera Patel,9.198E+11,user73@example.com,Bl-594,KA-66-AB-6444,suv,Maruti,Baleno,Black,Daily Wash,1499,1,Shanmugha P
Brigade Apartments,Block D,183,Kavya Reddy,9.198E+11,user74@example.com,Bl-183,KA-84-AB-4764,hatchback,Hyundai,i20,Silver,Daily Wash,1199,2,Perumal S
Brigade Apartments,Block B,1425,Lakshmi Sharma,9.198E+11,user75@example.com,Bl-1425,KA-86-AB-8440,car,Maruti,Swift,Blue,Weekly Wash,,1,Shanmugha P
Brigade Apartments,Block C,1903,Meera Das,9.198E+11,user76@example.com,Bl-1903,KA-88-AB-2446,car,Maruti,Baleno,White,Weekly Wash,,1,Perumal S
Brigade Apartments,Block A,1890,Anita Patel,9.198E+11,user77@example.com,Bl-1890,KA-88-AB-1393,sedan,Hyundai,Creta,Blue,Weekly Wash,,4,Perumal S
Brigade Apartments,Block C,1235,Priya Sharma,9.198E+11,user78@example.com,Bl-1235,KA-33-AB-2784,hatchback,Mahindra,Scorpio,Blue,Weekly Wash,,4,Perumal S
Brigade Apartments,Block C,1784,Deepak Nair,9.198E+11,user79@example.com,Bl-1784,KA-17-AB-9940,sedan,Mahindra,Scorpio,White,Weekly Wash,,2,Perumal S
Brigade Apartments,Block B,816,Deepak Sharma,9.198E+11,user80@example.com,Bl-816,KA-49-AB-2480,car,Hyundai,Creta,Blue,Weekly Wash,,4,Perumal S
Brigade Apartments,Block B,1115,Naveen Gupta,9.198E+11,user81@example.com,Bl-1115,KA-40-AB-4067,suv,Tata,Nexon,Blue,Daily Wash,,1,Perumal S
Brigade Apartments,Block D,1291,Pooja Patel,9.198E+11,user82@example.com,Bl-1291,KA-73-AB-6716,sedan,Hyundai,i20,White,Weekly Wash,,1,Shanmugha P
Brigade Apartments,Block C,1397,Ajay Sharma,9.198E+11,user83@example.com,Bl-1397,KA-83-AB-8527,suv,Mahindra,XUV700,Blue,Daily Wash,1499,4,Shanmugha P
Brigade Apartments,Block B,668,Kiran Rao,9.198E+11,user84@example.com,Bl-668,KA-64-AB-2301,suv,Hyundai,Creta,Silver,Weekly Wash,,4,Shanmugha P
Brigade Apartments,Block D,1826,Rahul Kumar,9.198E+11,user85@example.com,Bl-1826,KA-40-AB-4992,sedan,Tata,Punch,White,Weekly Wash,,1,Shanmugha P
Brigade Apartments,Block C,1157,Divya Kumar,9.198E+11,user86@example.com,Bl-1157,KA-53-AB-9990,suv,Tata,Punch,Black,Daily Wash,,4,Perumal S
Brigade Apartments,Block A,1949,Lakshmi Gupta,9.198E+11,user87@example.com,Bl-1949,KA-56-AB-9011,suv,Mahindra,XUV700,Grey,Daily Wash,1499,4,Perumal S
Brigade Apartments,Block B,1937,Arun Patel,9.198E+11,user88@example.com,Bl-1937,KA-21-AB-8841,hatchback,Mahindra,XUV700,Black,Daily Wash,,1,Shanmugha P
Brigade Apartments,Block C,1180,Pooja Iyer,9.198E+11,user89@example.com,Bl-1180,KA-49-AB-7110,car,Mahindra,Scorpio,Blue,Weekly Wash,,4,Shanmugha P
Brigade Apartments,Block D,718,Arun Das,9.198E+11,user90@example.com,Bl-718,KA-58-AB-7659,hatchback,Tata,Punch,Silver,Weekly Wash,,1,Shanmugha P
Brigade Apartments,Block D,1679,Vijay Gupta,9.198E+11,user91@example.com,Bl-1679,KA-76-AB-5376,hatchback,Mahindra,XUV700,Silver,Alternate Day,,1,Shanmugha P
Brigade Apartments,Block C,794,Suresh Singh,9.198E+11,user92@example.com,Bl-794,KA-24-AB-3803,suv,Tata,Nexon,Silver,Alternate Day,,1,Shanmugha P
Brigade Apartments,Block A,514,Suresh Singh,9.198E+11,user93@example.com,Bl-514,KA-32-AB-1676,suv,Tata,Nexon,White,Alternate Day,,2,Perumal S
Brigade Apartments,Block B,728,Ravi Kumar,9.198E+11,user94@example.com,Bl-728,KA-68-AB-6788,hatchback,Maruti,Swift,Blue,Weekly Wash,,4,Shanmugha P
Brigade Apartments,Block C,1136,Manoj Rao,9.198E+11,user95@example.com,Bl-1136,KA-01-AB-6975,car,Tata,Punch,Blue,Weekly Wash,,2,Shanmugha P
Brigade Apartments,Block B,812,Kiran Patel,9.198E+11,user96@example.com,Bl-812,KA-69-AB-6815,hatchback,Maruti,Swift,Black,Alternate Day,,4,Perumal S
Brigade Apartments,Block B,456,Pooja Sharma,9.198E+11,user97@example.com,Bl-456,KA-45-AB-2593,sedan,Mahindra,Scorpio,Red,Daily Wash,,2,Shanmugha P
Brigade Apartments,Block A,1355,Lakshmi Rao,9.198E+11,user98@example.com,Bl-1355,KA-68-AB-5071,suv,Hyundai,Creta,Blue,Alternate Day,,1,Shanmugha P
Brigade Apartments,Block C,1950,Kavya Nair,9.198E+11,user99@example.com,Bl-1950,KA-74-AB-8855,sedan,Tata,Nexon,Red,Daily Wash,,1,Perumal S
Brigade Apartments,Block B,1154,Rahul Patel,9.198E+11,user100@example.com,Bl-1154,KA-52-AB-2157,car,Mahindra,Scorpio,Black,Daily Wash,,1,Perumal S
Prestige Shantiniketan,Tower 1,847,Manoj Das,9.198E+11,user101@example.com,To-847,KA-87-AB-2917,suv,Tata,Nexon,Black,Alternate Day,,1,Perumal S
Prestige Shantiniketan,Tower 2,1361,Deepak Singh,9.198E+11,user102@example.com,To-1361,KA-43-AB-1962,sedan,Maruti,Baleno,Red,Weekly Wash,,4,Perumal S
Prestige Shantiniketan,Tower 2,1811,Priya Singh,9.198E+11,user103@example.com,To-1811,KA-20-AB-2414,suv,Hyundai,i20,Grey,Alternate Day,,4,Shanmugha P
Prestige Shantiniketan,Tower 1,1633,Anita Nair,9.198E+11,user104@example.com,To-1633,KA-98-AB-5417,sedan,Maruti,Swift,Silver,Weekly Wash,,2,Perumal S
Prestige Shantiniketan,Tower 4,1382,Arun Sharma,9.198E+11,user105@example.com,To-1382,KA-59-AB-5658,car,Hyundai,i20,Black,Daily Wash,,4,Perumal S
Prestige Shantiniketan,Tower 2,366,Arun Gupta,9.198E+11,user106@example.com,To-366,KA-42-AB-7614,sedan,Hyundai,Creta,Blue,Weekly Wash,,2,Perumal S
Prestige Shantiniketan,Tower 4,833,Kiran Kumar,9.198E+11,user107@example.com,To-833,KA-50-AB-9730,hatchback,Hyundai,i20,Red,Alternate Day,,1,Shanmugha P
Prestige Shantiniketan,Tower 1,1580,Lakshmi Singh,9.198E+11,user108@example.com,To-1580,KA-57-AB-6753,suv,Hyundai,Creta,White,Weekly Wash,,4,Perumal S
Prestige Shantiniketan,Tower 4,678,Manoj Patel,9.198E+11,user109@example.com,To-678,KA-78-AB-6353,car,Tata,Nexon,Black,Weekly Wash,,2,Shanmugha P
Prestige Shantiniketan,Tower 3,1225,Meera Patel,9.198E+11,user110@example.com,To-1225,KA-58-AB-9566,hatchback,Hyundai,Creta,Grey,Weekly Wash,,4,Shanmugha P
Prestige Shantiniketan,Tower 4,1109,Arun Rao,9.198E+11,user111@example.com,To-1109,KA-49-AB-7637,sedan,Mahindra,XUV700,Grey,Daily Wash,899,1,Shanmugha P
Prestige Shantiniketan,Tower 4,1092,Priya Das,9.198E+11,user112@example.com,To-1092,KA-28-AB-1420,suv,Mahindra,XUV700,Silver,Daily Wash,999,1,Perumal S
Prestige Shantiniketan,Tower 3,1765,Priya Iyer,9.198E+11,user113@example.com,To-1765,KA-10-AB-2397,sedan,Tata,Nexon,Silver,Weekly Wash,,4,Shanmugha P
Prestige Shantiniketan,Tower 4,468,Kiran Nair,9.198E+11,user114@example.com,To-468,KA-41-AB-1202,hatchback,Tata,Punch,Red,Daily Wash,,2,Perumal S
Prestige Shantiniketan,Tower 3,1613,Kiran Sharma,9.198E+11,user115@example.com,To-1613,KA-98-AB-5593,sedan,Maruti,Baleno,Blue,Alternate Day,,1,Shanmugha P
Prestige Shantiniketan,Tower 3,1477,Kiran Patel,9.198E+11,user116@example.com,To-1477,KA-01-AB-1404,suv,Hyundai,Creta,Blue,Weekly Wash,,1,Perumal S
Prestige Shantiniketan,Tower 4,1067,Sneha Singh,9.198E+11,user117@example.com,To-1067,KA-67-AB-7226,car,Mahindra,Scorpio,White,Daily Wash,1199,1,Shanmugha P
Prestige Shantiniketan,Tower 4,1761,Lakshmi Iyer,9.198E+11,user118@example.com,To-1761,KA-22-AB-4664,hatchback,Maruti,Baleno,Silver,Weekly Wash,,2,Shanmugha P
Prestige Shantiniketan,Tower 4,1503,Arun Rao,9.198E+11,user119@example.com,To-1503,KA-11-AB-3590,car,Hyundai,i20,Blue,Daily Wash,,2,Perumal S
Prestige Shantiniketan,Tower 2,1685,Rahul Das,9.198E+11,user120@example.com,To-1685,KA-78-AB-3668,car,Honda,Amaze,Black,Daily Wash,1199,1,Perumal S
Prestige Shantiniketan,Tower 3,549,Divya Das,9.198E+11,user121@example.com,To-549,KA-01-AB-2937,hatchback,Hyundai,Creta,Black,Daily Wash,1199,4,Perumal S
Prestige Shantiniketan,Tower 2,280,Rahul Nair,9.198E+11,user122@example.com,To-280,KA-02-AB-1950,sedan,Hyundai,Creta,Silver,Daily Wash,,4,Shanmugha P
Prestige Shantiniketan,Tower 4,381,Arun Reddy,9.198E+11,user123@example.com,To-381,KA-41-AB-9079,suv,Honda,City,Red,Alternate Day,,4,Shanmugha P
Prestige Shantiniketan,Tower 3,1165,Meera Rao,9.198E+11,user124@example.com,To-1165,KA-04-AB-5566,suv,Honda,City,Blue,Alternate Day,,2,Shanmugha P
Prestige Shantiniketan,Tower 1,1322,Neha Rao,9.198E+11,user125@example.com,To-1322,KA-71-AB-3330,suv,Hyundai,Creta,Red,Daily Wash,,1,Shanmugha P
Prestige Shantiniketan,Tower 3,1031,Naveen Sharma,9.198E+11,user126@example.com,To-1031,KA-99-AB-8939,sedan,Maruti,Swift,Silver,Daily Wash,,2,Perumal S
Prestige Shantiniketan,Tower 3,1548,Harish Rao,9.198E+11,user127@example.com,To-1548,KA-76-AB-6448,car,Mahindra,XUV700,White,Daily Wash,,4,Perumal S
Prestige Shantiniketan,Tower 1,1467,Suresh Nair,9.198E+11,user128@example.com,To-1467,KA-01-AB-8923,suv,Honda,Amaze,Blue,Daily Wash,,2,Shanmugha P
Prestige Shantiniketan,Tower 1,1723,Meera Kumar,9.198E+11,user129@example.com,To-1723,KA-15-AB-8204,car,Mahindra,XUV700,Blue,Weekly Wash,,1,Shanmugha P
Prestige Shantiniketan,Tower 3,1822,Vijay Reddy,9.198E+11,user130@example.com,To-1822,KA-54-AB-7287,sedan,Mahindra,Scorpio,White,Daily Wash,,2,Perumal S
Prestige Shantiniketan,Tower 3,873,Ravi Gupta,9.198E+11,user131@example.com,To-873,KA-79-AB-3534,suv,Hyundai,Creta,Black,Daily Wash,,4,Perumal S
Prestige Shantiniketan,Tower 1,320,Harish Kumar,9.198E+11,user132@example.com,To-320,KA-43-AB-6979,hatchback,Honda,Amaze,White,Weekly Wash,,4,Perumal S
Prestige Shantiniketan,Tower 4,265,Kavya Reddy,9.198E+11,user133@example.com,To-265,KA-60-AB-5147,suv,Mahindra,Scorpio,Blue,Daily Wash,899,2,Perumal S
Prestige Shantiniketan,Tower 3,1440,Deepak Kumar,9.198E+11,user134@example.com,To-1440,KA-20-AB-5591,car,Hyundai,i20,Blue,Daily Wash,999,2,Perumal S
Prestige Shantiniketan,Tower 1,1763,Rahul Gupta,9.198E+11,user135@example.com,To-1763,KA-05-AB-7150,car,Hyundai,Creta,Red,Weekly Wash,,1,Perumal S
Prestige Shantiniketan,Tower 4,1947,Manoj Reddy,9.198E+11,user136@example.com,To-1947,KA-39-AB-9892,car,Maruti,Baleno,Black,Alternate Day,,2,Shanmugha P
Prestige Shantiniketan,Tower 3,1061,Divya Reddy,9.198E+11,user137@example.com,To-1061,KA-13-AB-6987,car,Mahindra,Scorpio,Silver,Alternate Day,,1,Shanmugha P
Prestige Shantiniketan,Tower 3,1076,Kiran Kumar,9.198E+11,user138@example.com,To-1076,KA-20-AB-3042,hatchback,Maruti,Swift,Grey,Weekly Wash,,1,Shanmugha P
Prestige Shantiniketan,Tower 4,1323,Ravi Sharma,9.198E+11,user139@example.com,To-1323,KA-66-AB-2421,hatchback,Maruti,Baleno,Grey,Daily Wash,,4,Perumal S
Prestige Shantiniketan,Tower 1,473,Ravi Iyer,9.198E+11,user140@example.com,To-473,KA-66-AB-3823,sedan,Hyundai,i20,Black,Daily Wash,999,4,Perumal S
Prestige Shantiniketan,Tower 3,1600,Priya Kumar,9.198E+11,user141@example.com,To-1600,KA-28-AB-8641,sedan,Tata,Punch,Red,Daily Wash,,2,Perumal S
Prestige Shantiniketan,Tower 4,924,Ajay Rao,9.198E+11,user142@example.com,To-924,KA-04-AB-5941,sedan,Mahindra,XUV700,Silver,Daily Wash,899,1,Shanmugha P
Prestige Shantiniketan,Tower 2,604,Deepak Gupta,9.198E+11,user143@example.com,To-604,KA-47-AB-5912,car,Hyundai,i20,Grey,Alternate Day,,4,Perumal S
Prestige Shantiniketan,Tower 3,234,Rahul Patel,9.198E+11,user144@example.com,To-234,KA-88-AB-2009,hatchback,Hyundai,i20,White,Daily Wash,,4,Perumal S
Prestige Shantiniketan,Tower 2,533,Vijay Nair,9.198E+11,user145@example.com,To-533,KA-49-AB-5883,sedan,Hyundai,i20,White,Daily Wash,,4,Perumal S
Prestige Shantiniketan,Tower 3,1808,Ravi Reddy,9.198E+11,user146@example.com,To-1808,KA-81-AB-3091,car,Hyundai,Creta,Blue,Weekly Wash,,2,Perumal S
Prestige Shantiniketan,Tower 1,1036,Anita Nair,9.198E+11,user147@example.com,To-1036,KA-05-AB-8991,sedan,Tata,Punch,White,Daily Wash,,4,Shanmugha P
Prestige Shantiniketan,Tower 3,628,Sneha Singh,9.198E+11,user148@example.com,To-628,KA-71-AB-2820,sedan,Maruti,Swift,Black,Daily Wash,999,1,Perumal S
Prestige Shantiniketan,Tower 2,1687,Kavya Das,9.198E+11,user149@example.com,To-1687,KA-24-AB-5314,car,Tata,Punch,Silver,Daily Wash,,4,Perumal S
Prestige Shantiniketan,Tower 3,153,Naveen Reddy,9.198E+11,user150@example.com,To-153,KA-35-AB-1058,suv,Honda,Amaze,Blue,Daily Wash,,1,Shanmugha P
Prestige Shantiniketan,Tower 3,1080,Neha Nair,9.198E+11,user151@example.com,To-1080,KA-65-AB-1004,hatchback,Tata,Punch,Blue,Daily Wash,,1,Perumal S
Prestige Shantiniketan,Tower 4,825,Rahul Singh,9.198E+11,user152@example.com,To-825,KA-69-AB-1912,sedan,Tata,Punch,White,Daily Wash,,1,Perumal S
Prestige Shantiniketan,Tower 4,1719,Manoj Reddy,9.198E+11,user153@example.com,To-1719,KA-56-AB-3861,car,Honda,Amaze,Black,Daily Wash,,4,Shanmugha P
Prestige Shantiniketan,Tower 2,1215,Suresh Das,9.198E+11,user154@example.com,To-1215,KA-13-AB-5659,sedan,Honda,Amaze,Blue,Alternate Day,,4,Perumal S
Prestige Shantiniketan,Tower 2,762,Ravi Nair,9.198E+11,user155@example.com,To-762,KA-58-AB-9994,hatchback,Maruti,Swift,White,Alternate Day,,2,Shanmugha P
Prestige Shantiniketan,Tower 3,175,Ajay Nair,9.198E+11,user156@example.com,To-175,KA-86-AB-2201,hatchback,Hyundai,Creta,Black,Weekly Wash,,1,Perumal S
Prestige Shantiniketan,Tower 1,766,Ajay Das,9.198E+11,user157@example.com,To-766,KA-03-AB-7559,sedan,Honda,Amaze,Silver,Weekly Wash,,1,Perumal S
Prestige Shantiniketan,Tower 2,891,Rahul Iyer,9.198E+11,user158@example.com,To-891,KA-78-AB-4907,car,Maruti,Baleno,Black,Alternate Day,,4,Shanmugha P
Prestige Shantiniketan,Tower 3,1959,Kavya Gupta,9.198E+11,user159@example.com,To-1959,KA-50-AB-9818,suv,Mahindra,Scorpio,Black,Daily Wash,1199,4,Shanmugha P
Prestige Shantiniketan,Tower 1,1479,Ravi Nair,9.198E+11,user160@example.com,To-1479,KA-24-AB-3122,suv,Mahindra,XUV700,Silver,Alternate Day,,2,Perumal S
Prestige Shantiniketan,Tower 3,1545,Arun Nair,9.198E+11,user161@example.com,To-1545,KA-54-AB-2957,hatchback,Maruti,Baleno,Blue,Alternate Day,,1,Perumal S
Prestige Shantiniketan,Tower 3,233,Suresh Das,9.198E+11,user162@example.com,To-233,KA-70-AB-7227,car,Maruti,Swift,Black,Daily Wash,,4,Perumal S
Prestige Shantiniketan,Tower 4,1538,Anita Das,9.198E+11,user163@example.com,To-1538,KA-45-AB-3004,car,Maruti,Baleno,White,Daily Wash,1199,4,Shanmugha P
Prestige Shantiniketan,Tower 1,853,Pooja Das,9.198E+11,user164@example.com,To-853,KA-75-AB-1242,hatchback,Hyundai,Creta,White,Weekly Wash,,2,Perumal S
Prestige Shantiniketan,Tower 4,1072,Arun Nair,9.198E+11,user165@example.com,To-1072,KA-20-AB-5503,suv,Hyundai,Creta,Red,Weekly Wash,,2,Shanmugha P
Prestige Shantiniketan,Tower 2,585,Priya Rao,9.198E+11,user166@example.com,To-585,KA-50-AB-1233,car,Honda,Amaze,Blue,Daily Wash,1199,2,Perumal S
Prestige Shantiniketan,Tower 4,1882,Deepak Nair,9.198E+11,user167@example.com,To-1882,KA-97-AB-2558,suv,Hyundai,Creta,Silver,Daily Wash,999,1,Perumal S
Prestige Shantiniketan,Tower 2,1776,Anita Sharma,9.198E+11,user168@example.com,To-1776,KA-65-AB-3700,hatchback,Hyundai,Creta,White,Weekly Wash,,1,Shanmugha P
Prestige Shantiniketan,Tower 4,1437,Kavya Nair,9.198E+11,user169@example.com,To-1437,KA-31-AB-3984,hatchback,Honda,Amaze,Red,Weekly Wash,,4,Perumal S
Prestige Shantiniketan,Tower 1,906,Divya Reddy,9.198E+11,user170@example.com,To-906,KA-69-AB-3645,sedan,Maruti,Swift,Grey,Daily Wash,,4,Shanmugha P
Prestige Shantiniketan,Tower 4,1346,Lakshmi Das,9.198E+11,user171@example.com,To-1346,KA-18-AB-4839,hatchback,Honda,Amaze,White,Weekly Wash,,4,Perumal S
Prestige Shantiniketan,Tower 1,1037,Neha Singh,9.198E+11,user172@example.com,To-1037,KA-16-AB-2471,suv,Maruti,Baleno,Red,Daily Wash,899,2,Shanmugha P
Prestige Shantiniketan,Tower 1,458,Arun Gupta,9.198E+11,user173@example.com,To-458,KA-69-AB-7957,sedan,Hyundai,i20,Red,Daily Wash,,2,Shanmugha P
Prestige Shantiniketan,Tower 1,1205,Sneha Reddy,9.198E+11,user174@example.com,To-1205,KA-72-AB-8031,suv,Tata,Punch,Red,Weekly Wash,,1,Perumal S
Prestige Shantiniketan,Tower 4,612,Ravi Das,9.198E+11,user175@example.com,To-612,KA-22-AB-5665,car,Mahindra,XUV700,Red,Daily Wash,899,2,Shanmugha P
Prestige Shantiniketan,Tower 4,1075,Ravi Nair,9.198E+11,user176@example.com,To-1075,KA-75-AB-9609,sedan,Mahindra,Scorpio,Red,Alternate Day,,4,Shanmugha P
Prestige Shantiniketan,Tower 3,1709,Ajay Nair,9.198E+11,user177@example.com,To-1709,KA-86-AB-5100,suv,Tata,Punch,Grey,Daily Wash,999,4,Shanmugha P
Prestige Shantiniketan,Tower 3,1020,Vijay Kumar,9.198E+11,user178@example.com,To-1020,KA-37-AB-4675,hatchback,Maruti,Baleno,White,Daily Wash,,2,Shanmugha P
Prestige Shantiniketan,Tower 3,1731,Vijay Sharma,9.198E+11,user179@example.com,To-1731,KA-51-AB-2006,car,Mahindra,Scorpio,Red,Weekly Wash,,2,Shanmugha P
Prestige Shantiniketan,Tower 2,1954,Divya Kumar,9.198E+11,user180@example.com,To-1954,KA-25-AB-3796,hatchback,Hyundai,i20,Black,Weekly Wash,,1,Shanmugha P
Prestige Shantiniketan,Tower 1,103,Divya Kumar,9.198E+11,user181@example.com,To-103,KA-94-AB-9353,car,Hyundai,i20,White,Daily Wash,1499,1,Shanmugha P
Prestige Shantiniketan,Tower 3,848,Naveen Kumar,9.198E+11,user182@example.com,To-848,KA-90-AB-6996,suv,Hyundai,Creta,Red,Daily Wash,,4,Shanmugha P
Prestige Shantiniketan,Tower 3,1958,Kiran Rao,9.198E+11,user183@example.com,To-1958,KA-93-AB-4841,sedan,Maruti,Swift,Red,Daily Wash,,4,Perumal S
Prestige Shantiniketan,Tower 3,1731,Anita Sharma,9.198E+11,user184@example.com,To-1731,KA-51-AB-9761,hatchback,Tata,Nexon,White,Alternate Day,,1,Perumal S
Prestige Shantiniketan,Tower 4,1958,Vijay Kumar,9.198E+11,user185@example.com,To-1958,KA-94-AB-3050,car,Maruti,Baleno,Grey,Daily Wash,,4,Shanmugha P
Prestige Shantiniketan,Tower 2,357,Arun Rao,9.198E+11,user186@example.com,To-357,KA-43-AB-9250,suv,Tata,Nexon,White,Alternate Day,,1,Shanmugha P
Prestige Shantiniketan,Tower 4,927,Vijay Iyer,9.198E+11,user187@example.com,To-927,KA-24-AB-9145,suv,Honda,City,Blue,Weekly Wash,,1,Perumal S
Prestige Shantiniketan,Tower 1,1288,Kavya Kumar,9.198E+11,user188@example.com,To-1288,KA-87-AB-1696,car,Maruti,Baleno,Blue,Weekly Wash,,4,Perumal S
Prestige Shantiniketan,Tower 2,1278,Neha Gupta,9.198E+11,user189@example.com,To-1278,KA-34-AB-1603,car,Honda,Amaze,Grey,Daily Wash,1199,2,Shanmugha P
Prestige Shantiniketan,Tower 4,1235,Deepak Iyer,9.198E+11,user190@example.com,To-1235,KA-26-AB-6625,hatchback,Hyundai,i20,Red,Alternate Day,,4,Shanmugha P
Prestige Shantiniketan,Tower 3,1632,Sneha Reddy,9.198E+11,user191@example.com,To-1632,KA-55-AB-2164,sedan,Mahindra,Scorpio,Grey,Weekly Wash,,1,Perumal S
Prestige Shantiniketan,Tower 3,706,Manoj Rao,9.198E+11,user192@example.com,To-706,KA-74-AB-3980,sedan,Maruti,Swift,White,Daily Wash,1499,4,Perumal S
Prestige Shantiniketan,Tower 2,1635,Harish Reddy,9.198E+11,user193@example.com,To-1635,KA-38-AB-7761,suv,Tata,Punch,Red,Weekly Wash,,4,Perumal S
Prestige Shantiniketan,Tower 2,1400,Anita Singh,9.198E+11,user194@example.com,To-1400,KA-05-AB-1223,sedan,Mahindra,XUV700,Blue,Weekly Wash,,2,Perumal S
Prestige Shantiniketan,Tower 2,1269,Priya Patel,9.198E+11,user195@example.com,To-1269,KA-46-AB-8588,sedan,Maruti,Baleno,Silver,Alternate Day,,1,Perumal S
Prestige Shantiniketan,Tower 3,1997,Meera Patel,9.198E+11,user196@example.com,To-1997,KA-35-AB-8821,sedan,Hyundai,i20,Red,Weekly Wash,,2,Perumal S
Prestige Shantiniketan,Tower 2,1317,Suresh Kumar,9.198E+11,user197@example.com,To-1317,KA-30-AB-8621,suv,Mahindra,XUV700,Black,Daily Wash,,4,Shanmugha P
Prestige Shantiniketan,Tower 2,1690,Harish Iyer,9.198E+11,user198@example.com,To-1690,KA-98-AB-1588,hatchback,Tata,Punch,White,Alternate Day,,2,Perumal S
Prestige Shantiniketan,Tower 2,754,Sneha Iyer,9.198E+11,user199@example.com,To-754,KA-27-AB-8911,car,Honda,Amaze,Grey,Daily Wash,,1,Perumal S
Prestige Shantiniketan,Tower 1,1376,Harish Nair,9.198E+11,user200@example.com,To-1376,KA-04-AB-4108,hatchback,Maruti,Baleno,Silver,Daily Wash,,4,Shanmugha P
Sobha Dream Acres,Wing D,532,Neha Gupta,9.198E+11,user201@example.com,Wi-532,KA-63-AB-4075,car,Hyundai,i20,Red,Alternate Day,,1,Perumal S
Sobha Dream Acres,Wing A,1809,Pooja Sharma,9.198E+11,user202@example.com,Wi-1809,KA-82-AB-9640,hatchback,Mahindra,XUV700,Grey,Daily Wash,1199,2,Shanmugha P
Sobha Dream Acres,Wing A,900,Sneha Rao,9.198E+11,user203@example.com,Wi-900,KA-16-AB-5533,sedan,Tata,Punch,Blue,Weekly Wash,,2,Shanmugha P
Sobha Dream Acres,Wing D,680,Ajay Rao,9.198E+11,user204@example.com,Wi-680,KA-68-AB-7644,suv,Tata,Nexon,Grey,Weekly Wash,,4,Perumal S
Sobha Dream Acres,Wing C,1335,Priya Das,9.198E+11,user205@example.com,Wi-1335,KA-71-AB-6394,car,Mahindra,XUV700,Blue,Daily Wash,,1,Perumal S
Sobha Dream Acres,Wing D,394,Divya Das,9.198E+11,user206@example.com,Wi-394,KA-94-AB-1806,suv,Hyundai,Creta,White,Alternate Day,,2,Shanmugha P
Sobha Dream Acres,Wing B,229,Arun Kumar,9.198E+11,user207@example.com,Wi-229,KA-29-AB-8493,sedan,Tata,Nexon,Black,Alternate Day,,2,Shanmugha P
Sobha Dream Acres,Wing B,1971,Meera Sharma,9.198E+11,user208@example.com,Wi-1971,KA-92-AB-2300,hatchback,Maruti,Baleno,Red,Alternate Day,,1,Shanmugha P
Sobha Dream Acres,Wing D,191,Naveen Kumar,9.198E+11,user209@example.com,Wi-191,KA-73-AB-4294,car,Honda,City,Silver,Weekly Wash,,2,Shanmugha P
Sobha Dream Acres,Wing A,372,Rahul Reddy,9.198E+11,user210@example.com,Wi-372,KA-45-AB-2687,car,Hyundai,i20,Silver,Weekly Wash,,4,Perumal S
Sobha Dream Acres,Wing B,1947,Arun Gupta,9.198E+11,user211@example.com,Wi-1947,KA-52-AB-8958,suv,Maruti,Swift,Grey,Alternate Day,,2,Shanmugha P
Sobha Dream Acres,Wing B,487,Ravi Patel,9.198E+11,user212@example.com,Wi-487,KA-51-AB-9348,suv,Mahindra,Scorpio,Silver,Weekly Wash,,4,Perumal S
Sobha Dream Acres,Wing B,703,Divya Reddy,9.198E+11,user213@example.com,Wi-703,KA-17-AB-8934,car,Tata,Punch,Black,Daily Wash,1199,4,Shanmugha P
Sobha Dream Acres,Wing D,129,Vijay Patel,9.198E+11,user214@example.com,Wi-129,KA-59-AB-1962,hatchback,Maruti,Swift,Silver,Alternate Day,,1,Perumal S
Sobha Dream Acres,Wing C,1392,Meera Reddy,9.198E+11,user215@example.com,Wi-1392,KA-54-AB-8733,hatchback,Honda,City,Black,Alternate Day,,2,Shanmugha P
Sobha Dream Acres,Wing A,1051,Neha Nair,9.198E+11,user216@example.com,Wi-1051,KA-21-AB-4041,hatchback,Hyundai,i20,Blue,Alternate Day,,1,Perumal S
Sobha Dream Acres,Wing C,538,Suresh Das,9.198E+11,user217@example.com,Wi-538,KA-97-AB-6792,sedan,Mahindra,XUV700,Red,Daily Wash,,2,Shanmugha P
Sobha Dream Acres,Wing D,945,Lakshmi Kumar,9.198E+11,user218@example.com,Wi-945,KA-21-AB-1428,hatchback,Mahindra,Scorpio,Red,Daily Wash,999,2,Perumal S
Sobha Dream Acres,Wing B,1405,Suresh Iyer,9.198E+11,user219@example.com,Wi-1405,KA-04-AB-8986,hatchback,Mahindra,Scorpio,Red,Daily Wash,1499,1,Shanmugha P
Sobha Dream Acres,Wing B,1051,Vijay Iyer,9.198E+11,user220@example.com,Wi-1051,KA-08-AB-9055,car,Maruti,Swift,Grey,Daily Wash,1499,2,Shanmugha P
Sobha Dream Acres,Wing D,1940,Rahul Reddy,9.198E+11,user221@example.com,Wi-1940,KA-24-AB-7000,suv,Maruti,Swift,Blue,Weekly Wash,,4,Perumal S
Sobha Dream Acres,Wing B,1015,Lakshmi Patel,9.198E+11,user222@example.com,Wi-1015,KA-33-AB-3428,sedan,Hyundai,Creta,Black,Alternate Day,,4,Perumal S
Sobha Dream Acres,Wing B,1048,Suresh Singh,9.198E+11,user223@example.com,Wi-1048,KA-42-AB-7865,sedan,Hyundai,i20,Silver,Daily Wash,,2,Perumal S
Sobha Dream Acres,Wing C,919,Anita Singh,9.198E+11,user224@example.com,Wi-919,KA-33-AB-7106,sedan,Hyundai,i20,Grey,Alternate Day,,4,Perumal S
Sobha Dream Acres,Wing C,1494,Kiran Iyer,9.198E+11,user225@example.com,Wi-1494,KA-56-AB-9406,sedan,Mahindra,Scorpio,Grey,Weekly Wash,,4,Shanmugha P
Sobha Dream Acres,Wing D,588,Kavya Rao,9.198E+11,user226@example.com,Wi-588,KA-86-AB-3103,sedan,Maruti,Swift,Blue,Daily Wash,999,2,Perumal S
Sobha Dream Acres,Wing B,1714,Ravi Das,9.198E+11,user227@example.com,Wi-1714,KA-22-AB-1522,car,Honda,Amaze,Blue,Alternate Day,,1,Shanmugha P
Sobha Dream Acres,Wing A,803,Anita Nair,9.198E+11,user228@example.com,Wi-803,KA-06-AB-2458,car,Hyundai,Creta,Silver,Weekly Wash,,2,Shanmugha P
Sobha Dream Acres,Wing B,1425,Vijay Sharma,9.198E+11,user229@example.com,Wi-1425,KA-96-AB-3318,suv,Tata,Punch,Red,Daily Wash,,2,Shanmugha P
Sobha Dream Acres,Wing D,814,Ajay Das,9.198E+11,user230@example.com,Wi-814,KA-29-AB-1264,car,Hyundai,i20,Silver,Daily Wash,,1,Perumal S
Sobha Dream Acres,Wing B,918,Manoj Iyer,9.198E+11,user231@example.com,Wi-918,KA-95-AB-5760,hatchback,Tata,Nexon,Grey,Daily Wash,,2,Shanmugha P
Sobha Dream Acres,Wing D,991,Priya Das,9.198E+11,user232@example.com,Wi-991,KA-96-AB-1793,suv,Honda,Amaze,Blue,Alternate Day,,2,Shanmugha P
Sobha Dream Acres,Wing A,1350,Divya Iyer,9.198E+11,user233@example.com,Wi-1350,KA-75-AB-7089,hatchback,Maruti,Baleno,Grey,Daily Wash,,4,Perumal S
Sobha Dream Acres,Wing B,1843,Ravi Rao,9.198E+11,user234@example.com,Wi-1843,KA-46-AB-2755,hatchback,Mahindra,XUV700,Red,Alternate Day,,2,Perumal S
Sobha Dream Acres,Wing C,471,Ravi Iyer,9.198E+11,user235@example.com,Wi-471,KA-44-AB-1941,hatchback,Tata,Nexon,Blue,Daily Wash,899,1,Shanmugha P
Sobha Dream Acres,Wing D,1851,Divya Kumar,9.198E+11,user236@example.com,Wi-1851,KA-27-AB-7257,sedan,Tata,Punch,Black,Weekly Wash,,4,Shanmugha P
Sobha Dream Acres,Wing C,1314,Sneha Gupta,9.198E+11,user237@example.com,Wi-1314,KA-13-AB-3661,car,Mahindra,Scorpio,White,Daily Wash,,1,Perumal S
Sobha Dream Acres,Wing C,1530,Manoj Das,9.198E+11,user238@example.com,Wi-1530,KA-56-AB-1275,hatchback,Hyundai,i20,Black,Daily Wash,1199,1,Shanmugha P
Sobha Dream Acres,Wing D,515,Neha Singh,9.198E+11,user239@example.com,Wi-515,KA-06-AB-5950,car,Mahindra,XUV700,Silver,Daily Wash,899,1,Shanmugha P
Sobha Dream Acres,Wing C,862,Manoj Das,9.198E+11,user240@example.com,Wi-862,KA-89-AB-9404,hatchback,Honda,Amaze,Grey,Daily Wash,999,4,Shanmugha P
Sobha Dream Acres,Wing B,1480,Manoj Singh,9.198E+11,user241@example.com,Wi-1480,KA-73-AB-7063,suv,Tata,Punch,Red,Weekly Wash,,4,Perumal S
Sobha Dream Acres,Wing A,1408,Naveen Patel,9.198E+11,user242@example.com,Wi-1408,KA-81-AB-4918,suv,Hyundai,Creta,White,Alternate Day,,4,Shanmugha P
Sobha Dream Acres,Wing D,1436,Ravi Nair,9.198E+11,user243@example.com,Wi-1436,KA-74-AB-8913,suv,Tata,Nexon,Black,Daily Wash,1499,1,Perumal S
Sobha Dream Acres,Wing B,918,Lakshmi Gupta,9.198E+11,user244@example.com,Wi-918,KA-19-AB-8282,sedan,Tata,Punch,Black,Daily Wash,,2,Shanmugha P
Sobha Dream Acres,Wing D,850,Naveen Reddy,9.198E+11,user245@example.com,Wi-850,KA-85-AB-8080,suv,Honda,City,White,Daily Wash,999,2,Shanmugha P
Sobha Dream Acres,Wing D,1900,Divya Rao,9.198E+11,user246@example.com,Wi-1900,KA-66-AB-7609,car,Maruti,Baleno,Red,Daily Wash,1499,2,Shanmugha P
Sobha Dream Acres,Wing D,1189,Divya Nair,9.198E+11,user247@example.com,Wi-1189,KA-41-AB-4621,hatchback,Mahindra,XUV700,Silver,Alternate Day,,2,Shanmugha P
Sobha Dream Acres,Wing A,344,Sneha Patel,9.198E+11,user248@example.com,Wi-344,KA-04-AB-3200,sedan,Mahindra,XUV700,Red,Daily Wash,,1,Shanmugha P
Sobha Dream Acres,Wing D,575,Kiran Nair,9.198E+11,user249@example.com,Wi-575,KA-07-AB-3456,hatchback,Mahindra,Scorpio,Red,Weekly Wash,,4,Perumal S
Sobha Dream Acres,Wing A,1740,Meera Reddy,9.198E+11,user250@example.com,Wi-1740,KA-13-AB-6032,sedan,Maruti,Swift,Blue,Weekly Wash,,2,Perumal S
Sobha Dream Acres,Wing A,989,Kiran Patel,9.198E+11,user251@example.com,Wi-989,KA-04-AB-3237,hatchback,Hyundai,i20,White,Weekly Wash,,2,Perumal S
Sobha Dream Acres,Wing C,1369,Priya Patel,9.198E+11,user252@example.com,Wi-1369,KA-88-AB-7541,hatchback,Tata,Punch,White,Daily Wash,1499,1,Perumal S
Sobha Dream Acres,Wing A,1442,Meera Patel,9.198E+11,user253@example.com,Wi-1442,KA-33-AB-3755,car,Hyundai,i20,Black,Alternate Day,,4,Perumal S
Sobha Dream Acres,Wing D,686,Pooja Kumar,9.198E+11,user254@example.com,Wi-686,KA-64-AB-7701,sedan,Honda,Amaze,White,Daily Wash,,2,Perumal S
Sobha Dream Acres,Wing D,1954,Harish Nair,9.198E+11,user255@example.com,Wi-1954,KA-03-AB-8527,car,Maruti,Swift,Blue,Daily Wash,999,2,Perumal S
Sobha Dream Acres,Wing B,719,Lakshmi Singh,9.198E+11,user256@example.com,Wi-719,KA-41-AB-9133,sedan,Honda,City,Grey,Alternate Day,,1,Perumal S
Sobha Dream Acres,Wing A,311,Rahul Patel,9.198E+11,user257@example.com,Wi-311,KA-65-AB-2935,car,Maruti,Baleno,Red,Daily Wash,1499,2,Shanmugha P
Sobha Dream Acres,Wing C,692,Arun Iyer,9.198E+11,user258@example.com,Wi-692,KA-24-AB-7330,sedan,Mahindra,XUV700,White,Weekly Wash,,4,Perumal S
Sobha Dream Acres,Wing C,777,Naveen Sharma,9.198E+11,user259@example.com,Wi-777,KA-80-AB-3915,sedan,Hyundai,i20,White,Daily Wash,,2,Perumal S
Sobha Dream Acres,Wing C,1433,Anita Patel,9.198E+11,user260@example.com,Wi-1433,KA-85-AB-2172,car,Maruti,Baleno,Red,Weekly Wash,,2,Shanmugha P
Sobha Dream Acres,Wing C,1191,Divya Kumar,9.198E+11,user261@example.com,Wi-1191,KA-85-AB-8602,car,Tata,Nexon,Silver,Alternate Day,,2,Perumal S
Sobha Dream Acres,Wing D,381,Meera Das,9.198E+11,user262@example.com,Wi-381,KA-62-AB-3009,sedan,Mahindra,Scorpio,Black,Daily Wash,,4,Shanmugha P
Sobha Dream Acres,Wing C,367,Priya Sharma,9.198E+11,user263@example.com,Wi-367,KA-06-AB-1966,sedan,Maruti,Baleno,White,Daily Wash,,1,Perumal S
Sobha Dream Acres,Wing C,1233,Harish Patel,9.198E+11,user264@example.com,Wi-1233,KA-04-AB-9417,hatchback,Tata,Nexon,White,Alternate Day,,1,Shanmugha P
Sobha Dream Acres,Wing D,1853,Arun Gupta,9.198E+11,user265@example.com,Wi-1853,KA-45-AB-1036,hatchback,Tata,Punch,Grey,Weekly Wash,,2,Perumal S
Sobha Dream Acres,Wing A,673,Arun Nair,9.198E+11,user266@example.com,Wi-673,KA-95-AB-3600,sedan,Tata,Nexon,Black,Daily Wash,999,2,Shanmugha P
Sobha Dream Acres,Wing D,1201,Meera Nair,9.198E+11,user267@example.com,Wi-1201,KA-53-AB-4833,suv,Hyundai,Creta,Black,Daily Wash,1199,4,Perumal S
Sobha Dream Acres,Wing C,1425,Kavya Das,9.198E+11,user268@example.com,Wi-1425,KA-18-AB-7319,car,Tata,Punch,Grey,Daily Wash,899,1,Shanmugha P
Sobha Dream Acres,Wing D,1508,Manoj Iyer,9.198E+11,user269@example.com,Wi-1508,KA-39-AB-5457,sedan,Mahindra,Scorpio,Silver,Daily Wash,,2,Perumal S
Sobha Dream Acres,Wing D,1172,Neha Nair,9.198E+11,user270@example.com,Wi-1172,KA-20-AB-2264,hatchback,Honda,Amaze,Silver,Daily Wash,,2,Shanmugha P
Sobha Dream Acres,Wing D,714,Kiran Patel,9.198E+11,user271@example.com,Wi-714,KA-49-AB-7073,hatchback,Tata,Nexon,Grey,Daily Wash,899,4,Shanmugha P
Sobha Dream Acres,Wing B,278,Lakshmi Patel,9.198E+11,user272@example.com,Wi-278,KA-33-AB-7573,hatchback,Maruti,Swift,Red,Daily Wash,1199,2,Perumal S
Sobha Dream Acres,Wing C,1284,Sneha Gupta,9.198E+11,user273@example.com,Wi-1284,KA-76-AB-1774,hatchback,Tata,Punch,Red,Daily Wash,999,4,Shanmugha P
Sobha Dream Acres,Wing A,183,Deepak Sharma,9.198E+11,user274@example.com,Wi-183,KA-76-AB-8648,car,Mahindra,Scorpio,Black,Weekly Wash,,2,Perumal S
Sobha Dream Acres,Wing D,1425,Priya Rao,9.198E+11,user275@example.com,Wi-1425,KA-23-AB-2516,sedan,Mahindra,Scorpio,Silver,Daily Wash,1499,4,Shanmugha P
Sobha Dream Acres,Wing A,1498,Priya Patel,9.198E+11,user276@example.com,Wi-1498,KA-13-AB-6184,suv,Hyundai,Creta,Blue,Daily Wash,1499,2,Shanmugha P
Sobha Dream Acres,Wing A,1509,Priya Reddy,9.198E+11,user277@example.com,Wi-1509,KA-05-AB-3389,car,Hyundai,i20,Red,Alternate Day,,2,Perumal S
Sobha Dream Acres,Wing C,1796,Sneha Singh,9.198E+11,user278@example.com,Wi-1796,KA-45-AB-2621,suv,Mahindra,Scorpio,Red,Alternate Day,,1,Perumal S
Sobha Dream Acres,Wing A,1346,Suresh Rao,9.198E+11,user279@example.com,Wi-1346,KA-52-AB-1685,car,Honda,Amaze,Red,Alternate Day,,1,Shanmugha P
Sobha Dream Acres,Wing A,425,Vijay Das,9.198E+11,user280@example.com,Wi-425,KA-72-AB-8738,suv,Mahindra,XUV700,Black,Daily Wash,,1,Perumal S
Sobha Dream Acres,Wing A,613,Naveen Das,9.198E+11,user281@example.com,Wi-613,KA-88-AB-2494,hatchback,Hyundai,i20,Black,Daily Wash,,4,Perumal S
Sobha Dream Acres,Wing D,1551,Ajay Iyer,9.198E+11,user282@example.com,Wi-1551,KA-70-AB-9074,suv,Honda,City,Silver,Weekly Wash,,4,Perumal S
Sobha Dream Acres,Wing A,1823,Harish Kumar,9.198E+11,user283@example.com,Wi-1823,KA-50-AB-6306,suv,Tata,Nexon,Grey,Alternate Day,,1,Perumal S
Sobha Dream Acres,Wing B,450,Ajay Singh,9.198E+11,user284@example.com,Wi-450,KA-27-AB-5216,car,Mahindra,XUV700,Red,Daily Wash,1499,4,Shanmugha P
Sobha Dream Acres,Wing C,1267,Harish Rao,9.198E+11,user285@example.com,Wi-1267,KA-63-AB-5098,suv,Mahindra,XUV700,Blue,Weekly Wash,,1,Shanmugha P
Sobha Dream Acres,Wing B,1024,Rahul Das,9.198E+11,user286@example.com,Wi-1024,KA-97-AB-4796,sedan,Tata,Punch,Red,Weekly Wash,,4,Shanmugha P
Sobha Dream Acres,Wing C,1016,Neha Sharma,9.198E+11,user287@example.com,Wi-1016,KA-30-AB-3725,car,Honda,Amaze,Red,Alternate Day,,2,Perumal S
Sobha Dream Acres,Wing B,1904,Naveen Patel,9.198E+11,user288@example.com,Wi-1904,KA-88-AB-8451,hatchback,Hyundai,Creta,Grey,Daily Wash,999,2,Shanmugha P
Sobha Dream Acres,Wing C,1174,Vijay Nair,9.198E+11,user289@example.com,Wi-1174,KA-88-AB-7692,suv,Maruti,Swift,White,Weekly Wash,,2,Perumal S
Sobha Dream Acres,Wing D,1154,Kavya Patel,9.198E+11,user290@example.com,Wi-1154,KA-08-AB-7602,sedan,Honda,Amaze,Blue,Alternate Day,,4,Shanmugha P
Sobha Dream Acres,Wing D,1908,Harish Sharma,9.198E+11,user291@example.com,Wi-1908,KA-44-AB-8651,suv,Honda,City,Silver,Daily Wash,999,1,Shanmugha P
Sobha Dream Acres,Wing D,1952,Ravi Gupta,9.198E+11,user292@example.com,Wi-1952,KA-92-AB-4160,suv,Hyundai,i20,Grey,Daily Wash,1499,4,Perumal S
Sobha Dream Acres,Wing A,743,Harish Iyer,9.198E+11,user293@example.com,Wi-743,KA-16-AB-3786,suv,Hyundai,Creta,Grey,Daily Wash,,4,Perumal S
Sobha Dream Acres,Wing C,544,Sneha Nair,9.198E+11,user294@example.com,Wi-544,KA-32-AB-3492,car,Maruti,Swift,White,Daily Wash,1199,4,Perumal S
Sobha Dream Acres,Wing D,473,Neha Iyer,9.198E+11,user295@example.com,Wi-473,KA-44-AB-1868,car,Tata,Nexon,Blue,Alternate Day,,4,Perumal S
Sobha Dream Acres,Wing C,503,Arun Reddy,9.198E+11,user296@example.com,Wi-503,KA-24-AB-1358,hatchback,Honda,Amaze,Silver,Daily Wash,899,2,Shanmugha P
Sobha Dream Acres,Wing D,581,Divya Kumar,9.198E+11,user297@example.com,Wi-581,KA-41-AB-8169,car,Honda,City,Red,Alternate Day,,1,Perumal S
Sobha Dream Acres,Wing C,900,Meera Das,9.198E+11,user298@example.com,Wi-900,KA-91-AB-7706,suv,Maruti,Swift,Grey,Daily Wash,,2,Shanmugha P
Sobha Dream Acres,Wing C,1881,Ajay Nair,9.198E+11,user299@example.com,Wi-1881,KA-65-AB-9408,sedan,Honda,City,Grey,Daily Wash,,4,Shanmugha P
Sobha Dream Acres,Wing C,1475,Neha Patel,9.198E+11,user300@example.com,Wi-1475,KA-26-AB-7408,car,Maruti,Swift,Silver,Daily Wash,899,1,Perumal S
